Workbook

Sheet Sheet1
A5: Tính năng | B5: DE - Dữ liệu giao dịch - Công ty
A6: Ngày trích xuất | B6: 46157.723 | F6: room còn lại | G6: =G11/G7 | K6: room còn lại | L6: =L11/L7 | P6: room còn lại | Q6: =Q11/Q7 | U6: room còn lại | V6: =V11/V7
F7: slcplh | G7: 5136656599 | K7: slcplh | L7: 3404005710 | P7: slcplh | Q7: 7933923601 | U7: slcplh | V7: 7086240414
C8: ACB | H8: VIB | M8: VPB | R8: TCB
A9: STT | B9: Ngày | C9: Khối lượng NĐTNN mua (D) Đơn vị: Cổ phiếu | D9: Khối lượng NĐTNN bán (D) Đơn vị: Cổ phiếu | E9: KL ròng | F9: Luỹ kế | G9: Khối lượng khối ngoại còn được phép mua (D) Đơn vị: Cổ phiếu | H9: Khối lượng NĐTNN mua (D) Đơn vị: Cổ phiếu | I9: Khối lượng NĐTNN bán (D) Đơn vị: Cổ phiếu | J9: KL ròng | K9: Luỹ kế | L9: Khối lượng khối ngoại còn được phép mua (D) Đơn vị: Cổ phiếu | M9: Khối lượng NĐTNN mua (D) Đơn vị: Cổ phiếu | N9: Khối lượng NĐTNN bán (D) Đơn vị: Cổ phiếu | O9: KL ròng | P9: Luỹ kế | Q9: Khối lượng khối ngoại còn được phép mua (D) Đơn vị: Cổ phiếu | R9: Khối lượng NĐTNN mua (D) Đơn vị: Cổ phiếu | S9: Khối lượng NĐTNN bán (D) Đơn vị: Cổ phiếu | T9: KL ròng | U9: Luỹ kế | V9: Khối lượng khối ngoại còn được phép mua (D) Đơn vị: Cổ phiếu
B10: 46276 | C10: 785100 | D10: 1765613 | E10: =C10-D10 | F10: =F11+E10 | H10: 169445 | I10: 381600 | J10: =H10-I10 | K10: =K11+J10 | M10: 2936400 | N10: 7777215 | O10: =M10-N10 | P10: =P11+O10 | R10: 2004479 | S10: 947300 | T10: =R10-S10 | U10: =U11+T10
B11: 46275 | C11: 825309 | D11: 277540 | E11: =C11-D11 | F11: =F12+E11 | G11: 368544592 | H11: 31850 | I11: 118885 | J11: =H11-I11 | K11: =K12+J11 | L11: 53398987 | M11: 1931300 | N11: 893104 | O11: =M11-N11 | P11: =P12+O11 | Q11: 570178728 | R11: 1407500 | S11: 457600 | T11: =R11-S11 | U11: =U12+T11 | V11: 122283076
B12: 46274 | C12: 1868900 | D12: 2577000 | E12: =C12-D12 | F12: =F13+E12 | G12: 369092361 | H12: 2147500 | I12: 197200 | J12: =H12-I12 | K12: =K13+J12 | L12: 53398987 | M12: 671000 | N12: 2498800 | O12: =M12-N12 | P12: =P13+O12 | Q12: 568383277 | R12: 3829568 | S12: 522300 | T12: =R12-S12 | U12: =U13+T12 | V12: 123079143
B13: 46273 | C13: 516412 | D13: 168700 | E13: =C13-D13 | F13: =F14+E13 | G13: 369065921 | H13: 2855000 | I13: 33068 | J13: =H13-I13 | K13: =K14+J13 | L13: 54887287 | M13: 1765003 | N13: 4598650 | O13: =M13-N13 | P13: =P14+O13 | Q13: 568440277 | R13: 664160 | S13: 817993 | T13: =R13-S13 | U13: =U14+T13 | V13: 125939341
B14: 46272 | C14: 249600 | D14: 341040 | E14: =C14-D14 | F14: =F15+E14 | G14: 367002165 | H14: 133500 | I14: 620500 | J14: =H14-I14 | K14: =K15+J14 | L14: 57709219 | M14: 4124180 | N14: 2885000 | O14: =M14-N14 | P14: =P15+O14 | Q14: 568440277 | R14: 908330 | S14: 1406400 | T14: =R14-S14 | U14: =U15+T14 | V14: 125939341
B15: 46269 | C15: 1723300 | D15: 4134768 | E15: =C15-D15 | F15: =F16+E15 | H15: 2866400 | I15: 890400 | J15: =H15-I15 | K15: =K16+J15 | M15: 5185700 | N15: 1655600 | O15: =M15-N15 | P15: =P16+O15 | R15: 1656600 | S15: 1355600 | T15: =R15-S15 | U15: =U16+T15
B16: 46268 | C16: 1039188 | D16: 4718040 | E16: =C16-D16 | F16: =F17+E16 | G16: 363348113 | H16: 298400 | I16: 416400 | J16: =H16-I16 | K16: =K17+J16 | L16: 59190619 | M16: 1750578 | N16: 8107800 | O16: =M16-N16 | P16: =P17+O16 | Q16: 566873935 | R16: 2189118 | S16: 6949448 | T16: =R16-S16 | U16: =U17+T16 | V16: 121499611
B17: 46262 | C17: 1225600 | D17: 476226 | E17: =C17-D17 | F17: =F18+E17 | H17: 263400 | I17: 649200 | J17: =H17-I17 | K17: =K18+J17 | M17: 5182154 | N17: 1111700 | O17: =M17-N17 | P17: =P18+O17 | R17: 8197392 | S17: 1811500 | T17: =R17-S17 | U17: =U18+T17
B18: 46261 | C18: 1871900 | D18: 1605570 | E18: =C18-D18 | F18: =F19+E18 | G18: 360589986 | H18: 280500 | I18: 1220000 | J18: =H18-I18 | K18: =K19+J18 | L18: 58251119 | M18: 4952400 | N18: 1195600 | O18: =M18-N18 | P18: =P19+O18 | Q18: 570567698 | R18: 14306288 | S18: 1275889 | T18: =R18-S18 | U18: =U19+T18 | V18: 127885503
B19: 46260 | C19: 515100 | D19: 4010001 | E19: =C19-D19 | F19: =F20+E19 | G19: 359225268 | H19: 987900 | I19: 356205 | J19: =H19-I19 | K19: =K20+J19 | L19: 58241919 | M19: 1695210 | N19: 2060801 | O19: =M19-N19 | P19: =P20+O19 | Q19: 574318298 | R19: 7232200 | S19: 3227900 | T19: =R19-S19 | U19: =U20+T19 | V19: 137767142
B20: 46259 | C20: 266960 | D20: 1896408 | E20: =C20-D20 | F20: =F21+E20 | G20: 359225268 | H20: 136600 | I20: 111304 | J20: =H20-I20 | K20: =K21+J20 | L20: 58686814 | M20: 1255300 | N20: 950001 | O20: =M20-N20 | P20: =P21+O20 | Q20: 574314198 | R20: 114040 | S20: 3261400 | T20: =R20-S20 | U20: =U21+T20 | V20: 141771442
B21: 46258 | C21: 501500 | D21: 490839 | E21: =C21-D21 | F21: =F22+E21 | G21: 359233368 | H21: 89800 | I21: 276600 | J21: =H21-I21 | K21: =K22+J21 | L21: 58715110 | M21: 3534232 | N21: 983949 | O21: =M21-N21 | P21: =P22+O21 | Q21: 572499097 | R21: 1095590 | S21: 345362 | T21: =R21-S21 | U21: =U22+T21 | V21: 141771917
B22: 46255 | C22: 1242000 | D22: 636890 | E22: =C22-D22 | F22: =F23+E22 | H22: 647000 | I22: 130100 | J22: =H22-I22 | K22: =K23+J22 | M22: 1538500 | N22: 3665900 | O22: =M22-N22 | P22: =P23+O22 | R22: 411675 | S22: 417600 | T22: =R22-S22 | U22: =U23+T22
B23: 46254 | C23: 391700 | D23: 1719376 | E23: =C23-D23 | F23: =F24+E23 | G23: 356262341 | H23: 56087 | I23: 67000 | J23: =H23-I23 | K23: =K24+J23 | L23: 58972819 | M23: 949051 | N23: 4441900 | O23: =M23-N23 | P23: =P24+O23 | Q23: 567718352 | R23: 547358 | S23: 272004 | T23: =R23-S23 | U23: =U24+T23 | V23: 142522145
B24: 46253 | C24: 484200 | D24: 2919022 | E24: =C24-D24 | F24: =F25+E24 | G24: 355183946 | H24: 84922 | I24: 333200 | J24: =H24-I24 | K24: =K25+J24 | L24: 58529419 | M24: 282251 | N24: 4256230 | O24: =M24-N24 | P24: =P25+O24 | Q24: 562980652 | R24: 907772 | S24: 435400 | T24: =R24-S24 | U24: =U25+T24 | V24: 142797499
B25: 46252 | C25: 410800 | D25: 1489195 | E25: =C25-D25 | F25: =F26+E25 | G25: 349265193 | H25: 60900 | I25: 504300 | J25: =H25-I25 | K25: =K26+J25 | L25: 58186618 | M25: 336800 | N25: 5074500 | O25: =M25-N25 | P25: =P26+O25 | Q25: 560546152 | R25: 838100 | S25: 534200 | T25: =R25-S25 | U25: =U26+T25 | V25: 143573771
B26: 46251 | C26: 362400 | D26: 4731982 | E26: =C26-D26 | F26: =F27+E26 | G26: 349265193 | H26: 243500 | I26: 28100 | J26: =H26-I26 | K26: =K27+J26 | L26: 58186618 | M26: 2108000 | N26: 2925900 | O26: =M26-N26 | P26: =P27+O26 | Q26: 560546152 | R26: 2472985 | S26: 599400 | T26: =R26-S26 | U26: =U27+T26 | V26: 143573771
B27: 46248 | C27: 667500 | D27: 2216671 | E27: =C27-D27 | F27: =F28+E27 | H27: 234700 | I27: 577501 | J27: =H27-I27 | K27: =K28+J27 | M27: 2646300 | N27: 4258800 | O27: =M27-N27 | P27: =P28+O27 | R27: 3833331 | S27: 989700 | T27: =R27-S27 | U27: =U28+T27
B28: 46247 | C28: 1101130 | D28: 5231399 | E28: =C28-D28 | F28: =F29+E28 | G28: 342501437 | H28: 217100 | I28: 46500 | J28: =H28-I28 | K28: =K29+J28 | L28: 58402018 | M28: 2303321 | N28: 3558200 | O28: =M28-N28 | P28: =P29+O28 | Q28: 558812473 | R28: 2060364 | S28: 7414200 | T28: =R28-S28 | U28: =U29+T28 | V28: 141277957
B29: 46246 | C29: 1329616 | D29: 3963103 | E29: =C29-D29 | F29: =F30+E29 | G29: 340131967 | H29: 68300 | I29: 10000 | J29: =H29-I29 | K29: =K30+J29 | L29: 58513318 | M29: 1320800 | N29: 1799600 | O29: =M29-N29 | P29: =P30+O29 | Q29: 557561073 | R29: 1190706 | S29: 2849900 | T29: =R29-S29 | U29: =U30+T29 | V29: 134165457
B30: 46245 | C30: 1291715 | D30: 3796285 | E30: =C30-D30 | F30: =F31+E30 | G30: 339948288 | H30: 35400 | I30: 93100 | J30: =H30-I30 | K30: =K31+J30 | L30: 58571618 | M30: 474600 | N30: 1839300 | O30: =M30-N30 | P30: =P31+O30 | Q30: 556337459 | R30: 410000 | S30: 7537300 | T30: =R30-S30 | U30: =U31+T30 | V30: 122375132
B31: 46244 | C31: 1761900 | D31: 1945579 | E31: =C31-D31 | F31: =F32+E31 | G31: 339942088 | H31: 293800 | I31: 16200 | J31: =H31-I31 | K31: =K32+J31 | L31: 58569318 | M31: 3207386 | N31: 4431000 | O31: =M31-N31 | P31: =P32+O31 | Q31: 548100609 | R31: 1039175 | S31: 12829500 | T31: =R31-S31 | U31: =U32+T31 | V31: 114870832
B32: 46241 | C32: 502750 | D32: 473852 | E32: =C32-D32 | F32: =F33+E32 | H32: 307100 | I32: 110700 | J32: =H32-I32 | K32: =K33+J32 | M32: 916450 | N32: 9143800 | O32: =M32-N32 | P32: =P33+O32 | R32: 1070900 | S32: 8570300 | T32: =R32-S32 | U32: =U33+T32
B33: 46240 | C33: 298039 | D33: 2124380 | E33: =C33-D33 | F33: =F34+E33 | G33: 338144645 | H33: 79200 | I33: 897000 | J33: =H33-I33 | K33: =K34+J33 | L33: 54984756 | M33: 608193 | N33: 5380500 | O33: =M33-N33 | P33: =P34+O33 | Q33: 539477902 | R33: 2475579 | S33: 3474400 | T33: =R33-S33 | U33: =U34+T33 | V33: 113436141
B34: 46239 | C34: 2229200 | D34: 2002479 | E34: =C34-D34 | F34: =F35+E34 | G34: 337063545 | H34: 214300 | I34: 3455062 | J34: =H34-I34 | K34: =K35+J34 | L34: 54218315 | M34: 44300 | N34: 3894700 | O34: =M34-N34 | P34: =P35+O34 | Q34: 535903484 | R34: 2435301 | S34: 2871171 | T34: =R34-S34 | U34: =U35+T34 | V34: 111380552
B35: 46238 | C35: 773600 | D35: 1854700 | E35: =C35-D35 | F35: =F36+E35 | G35: 335836919 | H35: 62300 | I35: 828741 | J35: =H35-I35 | K35: =K36+J35 | L35: 53239815 | M35: 79650 | N35: 3654068 | O35: =M35-N35 | P35: =P36+O35 | Q35: 532928674 | R35: 290950 | S35: 2346539 | T35: =R35-S35 | U35: =U36+T35 | V35: 108968652
B36: 46237 | C36: 698150 | D36: 1267097 | E36: =C36-D36 | F36: =F37+E36 | G36: 333182264 | H36: 688700 | I36: 1667200 | J36: =H36-I36 | K36: =K37+J36 | L36: 52575415 | M36: 379100 | N36: 2610210 | O36: =M36-N36 | P36: =P37+O36 | Q36: 530191474 | R36: 470800 | S36: 2882700 | T36: =R36-S36 | U36: =U37+T36 | V36: 106513712
B37: 46234 | C37: 418604 | D37: 3073259 | E37: =C37-D37 | F37: =F38+E37 | H37: 213300 | I37: 877700 | J37: =H37-I37 | K37: =K38+J37 | M37: 248700 | N37: 2985900 | O37: =M37-N37 | P37: =P38+O37 | R37: 923760 | S37: 3378700 | T37: =R37-S37 | U37: =U38+T37
B38: 46233 | C38: 1287680 | D38: 4113654 | E38: =C38-D38 | F38: =F39+E38 | G38: 328304174 | H38: 63500 | I38: 239500 | J38: =H38-I38 | K38: =K39+J38 | L38: 51798615 | M38: 710600 | N38: 1511200 | O38: =M38-N38 | P38: =P39+O38 | Q38: 527790301 | R38: 5859140 | S38: 10836780 | T38: =R38-S38 | U38: =U39+T38 | V38: 99818737
B39: 46232 | C39: 729667 | D39: 2781783 | E39: =C39-D39 | F39: =F40+E39 | G39: 328304174 | H39: 79200 | I39: 680000 | J39: =H39-I39 | K39: =K40+J39 | L39: 51798615 | M39: 132127 | N39: 1732700 | O39: =M39-N39 | P39: =P40+O39 | Q39: 525496201 | R39: 1275919 | S39: 2993254 | T39: =R39-S39 | U39: =U40+T39 | V39: 98392567
B40: 46231 | C40: 1974000 | D40: 1806800 | E40: =C40-D40 | F40: =F41+E40 | G40: 326218909 | H40: 719600 | I40: 455670 | J40: =H40-I40 | K40: =K41+J40 | L40: 50999314 | M40: 557349 | N40: 2851449 | O40: =M40-N40 | P40: =P41+O40 | Q40: 521512940 | R40: 6579550 | S40: 8005720 | T40: =R40-S40 | U40: =U41+T40 | V40: 95836152
B41: 46230 | C41: 2638000 | D41: 4646465 | E41: =C41-D41 | F41: =F42+E41 | G41: 324385797 | H41: 107800 | I41: 873501 | J41: =H41-I41 | K41: =K42+J41 | L41: 50316044 | M41: 83330 | N41: 3984991 | O41: =M41-N41 | P41: =P42+O41 | Q41: 518384550 | R41: 578041 | S41: 3072056 | T41: =R41-S41 | U41: =U42+T41 | V41: 93199283
B42: 46227 | C42: 1493401 | D42: 3534613 | E42: =C42-D42 | F42: =F43+E42 | H42: 180800 | I42: 1136400 | J42: =H42-I42 | K42: =K43+J42 | M42: 636410 | N42: 3801100 | O42: =M42-N42 | P42: =P43+O42 | R42: 1655531 | S42: 4292400 | T42: =R42-S42 | U42: =U43+T42
B43: 46226 | C43: 2263500 | D43: 2951495 | E43: =C43-D43 | F43: =F44+E43 | G43: 315242287 | H43: 777200 | I43: 75900 | J43: =H43-I43 | K43: =K44+J43 | L43: 42592763 | M43: 688700 | N43: 4114500 | O43: =M43-N43 | P43: =P44+O43 | Q43: 508569050 | R43: 1398700 | S43: 5467900 | T43: =R43-S43 | U43: =U44+T43 | V43: 86893103
B44: 46225 | C44: 976540 | D44: 9463555 | E44: =C44-D44 | F44: =F45+E44 | G44: 312368653 | H44: 1417000 | I44: 9154281 | J44: =H44-I44 | K44: =K45+J44 | L44: 43245363 | M44: 1075500 | N44: 7497500 | O44: =M44-N44 | P44: =P45+O44 | Q44: 507857950 | R44: 1406420 | S44: 3643400 | T44: =R44-S44 | U44: =U45+T44 | V44: 84914903
B45: 46224 | C45: 876300 | D45: 3748734 | E45: =C45-D45 | F45: =F46+E45 | G45: 311955009 | H45: 238300 | I45: 298200 | J45: =H45-I45 | K45: =K46+J45 | L45: 43256563 | M45: 1725200 | N45: 2435300 | O45: =M45-N45 | P45: =P46+O45 | Q45: 505408228 | R45: 1416700 | S45: 3394900 | T45: =R45-S45 | U45: =U46+T45 | V45: 84140503
B46: 46223 | C46: 329900 | D46: 873144 | E46: =C46-D46 | F46: =F47+E46 | G46: 310186103 | H46: 186600 | I46: 185600 | J46: =H46-I46 | K46: =K47+J46 | L46: 43199008 | M46: 545700 | N46: 3096622 | O46: =M46-N46 | P46: =P47+O46 | Q46: 502942896 | R46: 613700 | S46: 1388100 | T46: =R46-S46 | U46: =U47+T46 | V46: 81273314
B47: 46220 | C47: 1182236 | D47: 2951142 | E47: =C47-D47 | F47: =F48+E47 | H47: 63200 | I47: 120755 | J47: =H47-I47 | K47: =K48+J47 | M47: 765000 | N47: 3226332 | O47: =M47-N47 | P47: =P48+O47 | R47: 411400 | S47: 3278589 | T47: =R47-S47 | U47: =U48+T47
B48: 46219 | C48: 11320435 | D48: 2073720 | E48: =C48-D48 | F48: =F49+E48 | G48: 309527963 | H48: 937500 | I48: 795800 | J48: =H48-I48 | K48: =K49+J48 | L48: 41704402 | M48: 1941600 | N48: 5276400 | O48: =M48-N48 | P48: =P49+O48 | Q48: 497516515 | R48: 1339000 | S48: 3253600 | T48: =R48-S48 | U48: =U49+T48 | V48: 77312628
B49: 46218 | C49: 1558500 | D49: 2216640 | E49: =C49-D49 | F49: =F50+E49 | G49: 318774678 | H49: 69900 | I49: 1565506 | J49: =H49-I49 | K49: =K50+J49 | L49: 40947828 | M49: 244753 | N49: 2336334 | O49: =M49-N49 | P49: =P50+O49 | Q49: 494290465 | R49: 665014 | S49: 2711100 | T49: =R49-S49 | U49: =U50+T49 | V49: 75961228
B50: 46217 | C50: 1926604 | D50: 751300 | E50: =C50-D50 | F50: =F51+E50 | G50: 317804878 | H50: 114400 | I50: 1012674 | J50: =H50-I50 | K50: =K51+J50 | L50: 37777428 | M50: 1074800 | N50: 4300850 | O50: =M50-N50 | P50: =P51+O50 | Q50: 490429835 | R50: 1349800 | S50: 2701200 | T50: =R50-S50 | U50: =U51+T50 | V50: 75954228
B51: 46216 | C51: 263300 | D51: 1224300 | E51: =C51-D51 | F51: =F52+E51 | G51: 317991970 | H51: 75400 | I51: 3242000 | J51: =H51-I51 | K51: =K52+J51 | L51: 36496028 | M51: 1882700 | N51: 5735530 | O51: =M51-N51 | P51: =P52+O51 | Q51: 487396083 | R51: 3910301 | S51: 2386785 | T51: =R51-S51 | U51: =U52+T51 | V51: 74925628
B52: 46213 | C52: 1539732 | D52: 2540544 | E52: =C52-D52 | F52: =F53+E52 | H52: 394376 | I52: 1681376 | J52: =H52-I52 | K52: =K53+J52 | M52: 2854285 | N52: 5899237 | O52: =M52-N52 | P52: =P53+O52 | R52: 2378277 | S52: 3406877 | T52: =R52-S52 | U52: =U53+T52
B53: 46212 | C53: 1608529 | D53: 797665 | E53: =C53-D53 | F53: =F54+E53 | G53: 318010870 | H53: 160901 | I53: 364600 | J53: =H53-I53 | K53: =K54+J53 | L53: 34500229 | M53: 291000 | N53: 2793200 | O53: =M53-N53 | P53: =P54+O53 | Q53: 480488073 | R53: 770115 | S53: 3466400 | T53: =R53-S53 | U53: =U54+T53 | V53: 70436637
B54: 46211 | C54: 1494500 | D54: 149178 | E54: =C54-D54 | F54: =F55+E54 | G54: 318834334 | H54: 294100 | I54: 2094600 | J54: =H54-I54 | K54: =K55+J54 | L54: 34455021 | M54: 585000 | N54: 5015610 | O54: =M54-N54 | P54: =P55+O54 | Q54: 479940473 | R54: 675010 | S54: 3991232 | T54: =R54-S54 | U54: =U55+T54 | V54: 70411937
B55: 46210 | C55: 2128500 | D55: 1546500 | E55: =C55-D55 | F55: =F56+E55 | G55: 320045936 | H55: 303200 | I55: 354008 | J55: =H55-I55 | K55: =K56+J55 | L55: 32301985 | M55: 850300 | N55: 1409100 | O55: =M55-N55 | P55: =P56+O55 | Q55: 479955573 | R55: 2097000 | S55: 2121700 | T55: =R55-S55 | U55: =U56+T55 | V55: 70411937
B56: 46209 | C56: 1043100 | D56: 1193820 | E56: =C56-D56 | F56: =F57+E56 | G56: 318690414 | H56: 571600 | I56: 2730236 | J56: =H56-I56 | K56: =K57+J56 | L56: 28949629 | M56: 3141600 | N56: 1782021 | O56: =M56-N56 | P56: =P57+O56 | Q56: 479972373 | R56: 1266800 | S56: 934910 | T56: =R56-S56 | U56: =U57+T56 | V56: 67722485
B57: 46206 | C57: 124400 | D57: 2080822 | E57: =C57-D57 | F57: =F58+E57 | H57: 340522 | I57: 3701278 | J57: =H57-I57 | K57: =K58+J57 | M57: 2126200 | N57: 684900 | O57: =M57-N57 | P57: =P58+O57 | R57: 1354078 | S57: 4043530 | T57: =R57-S57 | U57: =U58+T57
B58: 46205 | C58: 145300 | D58: 2587800 | E58: =C58-D58 | F58: =F59+E58 | G58: 315976051 | H58: 1505400 | I58: 1220422 | J58: =H58-I58 | K58: =K59+J58 | L58: 27943029 | M58: 300300 | N58: 1300200 | O58: =M58-N58 | P58: =P59+O58 | Q58: 481773052 | R58: 556240 | S58: 2944220 | T58: =R58-S58 | U58: =U59+T58 | V58: 65151595
B59: 46204 | C59: 241237 | D59: 501300 | E59: =C59-D59 | F59: =F60+E59 | G59: 315976051 | H59: 381000 | I59: 1387600 | J59: =H59-I59 | K59: =K60+J59 | L59: 28228007 | M59: 13781700 | N59: 1968010 | O59: =M59-N59 | P59: =P60+O59 | Q59: 469991952 | R59: 1181700 | S59: 1696500 | T59: =R59-S59 | U59: =U60+T59 | V59: 64099095
B60: 46203 | C60: 579100 | D60: 528500 | E60: =C60-D60 | F60: =F61+E60 | G60: 315976051 | H60: 669500 | I60: 169500 | J60: =H60-I60 | K60: =K61+J60 | L60: 28097155 | M60: 704200 | N60: 12485300 | O60: =M60-N60 | P60: =P61+O60 | Q60: 480359681 | R60: 1172300 | S60: 2224800 | T60: =R60-S60 | U60: =U61+T60 | V60: 62882105
B61: 46202 | C61: 1174510 | D61: 432790 | E61: =C61-D61 | F61: =F62+E61 | G61: 316026651 | H61: 2394300 | I61: 2525152 | J61: =H61-I61 | K61: =K62+J61 | L61: 28448055 | M61: 1406500 | N61: 2852461 | O61: =M61-N61 | P61: =P62+O61 | Q61: 480359681 | R61: 822910 | S61: 2039900 | T61: =R61-S61 | U61: =U62+T61 | V61: 62316106
B62: 46199 | C62: 3266900 | D62: 264400 | E62: =C62-D62 | F62: =F63+E62 | H62: 350200 | I62: 499300 | J62: =H62-I62 | K62: =K63+J62 | M62: 976700 | N62: 825400 | O62: =M62-N62 | P62: =P63+O62 | R62: 1914611 | S62: 2480610 | T62: =R62-S62 | U62: =U63+T62
B63: 46198 | C63: 1504410 | D63: 1492500 | E63: =C63-D63 | F63: =F64+E63 | G63: 283161151 | H63: 103700 | I63: 179200 | J63: =H63-I63 | K63: =K64+J63 | L63: 27230644 | M63: 651200 | N63: 381000 | O63: =M63-N63 | P63: =P64+O63 | Q63: 477130826 | R63: 5563841 | S63: 5312410 | T63: =R63-S63 | U63: =U64+T63 | V63: 60163645
B64: 46197 | C64: 712380 | D64: 770851 | E64: =C64-D64 | F64: =F65+E64 | G64: 283181861 | H64: 380900 | I64: 1528411 | J64: =H64-I64 | K64: =K65+J64 | L64: 27232544 | M64: 608200 | N64: 3999555 | O64: =M64-N64 | P64: =P65+O64 | Q64: 477412726 | R64: 3351459 | S64: 5503920 | T64: =R64-S64 | U64: =U65+T64 | V64: 55633786
B65: 46196 | C65: 4452293 | D65: 2871943 | E65: =C65-D65 | F65: =F66+E65 | G65: 281600800 | H65: 2089400 | I65: 1653526 | J65: =H65-I65 | K65: =K66+J65 | L65: 26900398 | M65: 4451790 | N65: 3653428 | O65: =M65-N65 | P65: =P66+O65 | Q65: 475778128 | R65: 2671210 | S65: 7456000 | T65: =R65-S65 | U65: =U66+T65 | V65: 54126964
B66: 46195 | C66: 165361 | D66: 1746422 | E66: =C66-D66 | F66: =F67+E66 | G66: 282100559 | H66: 35800 | I66: 367946 | J66: =H66-I66 | K66: =K67+J66 | L66: 27064272 | M66: 223523 | N66: 1858121 | O66: =M66-N66 | P66: =P67+O66 | Q66: 474057691 | R66: 772419 | S66: 2279241 | T66: =R66-S66 | U66: =U67+T66 | V66: 49981907
B67: 46192 | C67: 146209 | D67: 1232100 | E67: =C67-D67 | F67: =F68+E67 | H67: 30900 | I67: 302900 | J67: =H67-I67 | K67: =K68+J67 | M67: 365201 | N67: 2887500 | O67: =M67-N67 | P67: =P68+O67 | R67: 1716343 | S67: 5861400 | T67: =R67-S67 | U67: =U68+T67
B68: 46191 | C68: 2946338 | D68: 1927575 | E68: =C68-D68 | F68: =F69+E68 | G68: 282100559 | H68: 151800 | I68: 3049667 | J68: =H68-I68 | K68: =K69+J68 | L68: 21880605 | M68: 387900 | N68: 3918428 | O68: =M68-N68 | P68: =P69+O68 | Q68: 468326333 | R68: 2022680 | S68: 7118700 | T68: =R68-S68 | U68: =U69+T68 | V68: 38817337
B69: 46190 | C69: 2468902 | D69: 809300 | E69: =C69-D69 | F69: =F70+E69 | G69: 282438051 | H69: 1376400 | I69: 3662200 | J69: =H69-I69 | K69: =K70+J69 | L69: 20712078 | M69: 870700 | N69: 3071530 | O69: =M69-N69 | P69: =P70+O69 | Q69: 465209825 | R69: 294150 | S69: 6362700 | T69: =R69-S69 | U69: =U70+T69 | V69: 35900276
B70: 46189 | C70: 241581 | D70: 919652 | E70: =C70-D70 | F70: =F71+E70 | G70: 281259575 | H70: 832508 | I70: 1989835 | J70: =H70-I70 | K70: =K71+J70 | L70: 20343054 | M70: 1288400 | N70: 4401508 | O70: =M70-N70 | P70: =P71+O70 | Q70: 460728825 | R70: 1234639 | S70: 4151700 | T70: =R70-S70 | U70: =U71+T70 | V70: 34516061
B71: 46188 | C71: 2335672 | D71: 5173750 | E71: =C71-D71 | F71: =F72+E71 | G71: 281242775 | H71: 551400 | I71: 920424 | J71: =H71-I71 | K71: =K72+J71 | L71: 19916454 | M71: 1196900 | N71: 5677900 | O71: =M71-N71 | P71: =P72+O71 | Q71: 458580725 | R71: 3855985 | S71: 5240200 | T71: =R71-S71 | U71: =U72+T71 | V71: 34516061
B72: 46185 | C72: 9384571 | D72: 7526951 | E72: =C72-D72 | F72: =F73+E72 | H72: 952800 | I72: 1371000 | J72: =H72-I72 | K72: =K73+J72 | M72: 273300 | N72: 2396300 | O72: =M72-N72 | P72: =P73+O72 | R72: 5268002 | S72: 5121658 | T72: =R72-S72 | U72: =U73+T72
B73: 46184 | C73: 1299415 | D73: 1239352 | E73: =C73-D73 | F73: =F74+E73 | G73: 282004521 | H73: 333708 | I73: 492839 | J73: =H73-I73 | K73: =K74+J73 | L73: 19074184 | M73: 268100 | N73: 1564119 | O73: =M73-N73 | P73: =P74+O73 | Q73: 454318206 | R73: 319538 | S73: 1415100 | T73: =R73-S73 | U73: =U74+T73 | V73: 32665143
B74: 46183 | C74: 3684826 | D74: 4785400 | E74: =C74-D74 | F74: =F75+E74 | G74: 279765345 | H74: 50600 | I74: 733739 | J74: =H74-I74 | K74: =K75+J74 | L74: 17428974 | M74: 310300 | N74: 3280300 | O74: =M74-N74 | P74: =P75+O74 | Q74: 453129706 | R74: 430300 | S74: 1332000 | T74: =R74-S74 | U74: =U75+T74 | V74: 29488264
B75: 46182 | C75: 4513565 | D75: 6817504 | E75: =C75-D75 | F75: =F76+E75 | G75: 279765345 | H75: 46400 | I75: 1691610 | J75: =H75-I75 | K75: =K76+J75 | L75: 17139998 | M75: 1206300 | N75: 2394300 | O75: =M75-N75 | P75: =P76+O75 | Q75: 450031411 | R75: 266021 | S75: 3442900 | T75: =R75-S75 | U75: =U76+T75 | V75: 27460232
B76: 46181 | C76: 5374277 | D76: 1517424 | E76: =C76-D76 | F76: =F77+E76 | G76: 279765345 | H76: 77011 | I76: 365987 | J76: =H76-I76 | K76: =K77+J76 | L76: 15964698 | M76: 670624 | N76: 3764919 | O76: =M76-N76 | P76: =P77+O76 | Q76: 448031111 | R76: 139968 | S76: 2168000 | T76: =R76-S76 | U76: =U77+T76 | V76: 26107432
B77: 46178 | C77: 11000212 | D77: 1224900 | E77: =C77-D77 | F77: =F78+E77 | H77: 37600 | I77: 1212900 | J77: =H77-I77 | K77: =K78+J77 | M77: 103600 | N77: 2103900 | O77: =M77-N77 | P77: =P78+O77 | R77: 60900 | S77: 1413700 | T77: =R77-S77 | U77: =U78+T77
B78: 46177 | C78: 27118102 | D78: 30530754 | E78: =C78-D78 | F78: =F79+E78 | G78: 274711941 | H78: 249200 | I78: 1867632 | J78: =H78-I78 | K78: =K79+J78 | L78: 14012629 | M78: 720500 | N78: 3833615 | O78: =M78-N78 | P78: =P79+O78 | Q78: 441662496 | R78: 159700 | S78: 2192300 | T78: =R78-S78 | U78: =U79+T78 | V78: 21430612
B79: 46176 | C79: 2189300 | D79: 17466917 | E79: =C79-D79 | F79: =F80+E79 | G79: 269925267 | H79: 404000 | I79: 737637 | J79: =H79-I79 | K79: =K80+J79 | L79: 12531208 | M79: 1060600 | N79: 4311600 | O79: =M79-N79 | P79: =P80+O79 | Q79: 437756444 | R79: 408180 | S79: 3052400 | T79: =R79-S79 | U79: =U80+T79 | V79: 19485232
B80: 46175 | C80: 4373650 | D80: 9126724 | E80: =C80-D80 | F80: =F81+E80 | G80: 265524967 | H80: 249800 | I80: 1714421 | J80: =H80-I80 | K80: =K81+J80 | L80: 12361042 | M80: 861100 | N80: 4733552 | O80: =M80-N80 | P80: =P81+O80 | Q80: 436325544 | R80: 114520 | S80: 2059900 | T80: =R80-S80 | U80: =U81+T80 | V80: 18888377
B81: 46174 | C81: 1736500 | D81: 6136800 | E81: =C81-D81 | F81: =F82+E81 | G81: 262771517 | H81: 107200 | I81: 277366 | J81: =H81-I81 | K81: =K82+J81 | L81: 11376542 | M81: 128100 | N81: 1559000 | O81: =M81-N81 | P81: =P82+O81 | Q81: 433694323 | R81: 137845 | S81: 734700 | T81: =R81-S81 | U81: =U82+T81 | V81: 18093762
B82: 46171 | C82: 1101750 | D82: 3842100 | E82: =C82-D82 | F82: =F83+E82 | H82: 56200 | I82: 1030400 | J82: =H82-I82 | K82: =K83+J82 | M82: 352979 | N82: 2971100 | O82: =M82-N82 | P82: =P83+O82 | R82: 442985 | S82: 1234100 | T82: =R82-S82 | U82: =U83+T82
B83: 46170 | C83: 5580882 | D83: 1219937 | E83: =C83-D83 | F83: =F84+E83 | G83: 262743517 | H83: 280100 | I83: 642963 | J83: =H83-I83 | K83: =K84+J83 | L83: 10530779 | M83: 628500 | N83: 1447473 | O83: =M83-N83 | P83: =P84+O83 | Q83: 432847350 | R83: 116365 | S83: 1172747 | T83: =R83-S83 | U83: =U84+T83 | V83: 15976882
B84: 46169 | C84: 8552865 | D84: 6122069 | E84: =C84-D84 | F84: =F85+E84 | G84: 267104462 | H84: 1376300 | I84: 1845200 | J84: =H84-I84 | K84: =K85+J84 | L84: 9396300 | M84: 1654420 | N84: 423200 | O84: =M84-N84 | P84: =P85+O84 | Q84: 432847350 | R84: 1766051 | S84: 2826549 | T84: =R84-S84 | U84: =U85+T84 | V84: 15940882
B85: 46168 | C85: 7772508 | D85: 5754497 | E85: =C85-D85 | F85: =F86+E85 | G85: 263716978 | H85: 581700 | I85: 1716179 | J85: =H85-I85 | K85: =K86+J85 | L85: 9396300 | M85: 1974700 | N85: 1241213 | O85: =M85-N85 | P85: =P86+O85 | Q85: 433813812 | R85: 402300 | S85: 438300 | T85: =R85-S85 | U85: =U86+T85 | V85: 15940882
B86: 46167 | C86: 3674900 | D86: 9493180 | E86: =C86-D86 | F86: =F87+E86 | G86: 265734989 | H86: 155000 | I86: 136070 | J86: =H86-I86 | K86: =K87+J86 | L86: 7826900 | M86: 311205 | N86: 575963 | O86: =M86-N86 | P86: =P87+O86 | Q86: 433635599 | R86: 758285 | S86: 661323 | T86: =R86-S86 | U86: =U87+T86 | V86: 15286412
A87: 1 | B87: 46164 | C87: 9331049 | D87: 6289200 | E87: =C87-D87 | F87: =F88+E87 | H87: 24900 | I87: 1594300 | J87: =H87-I87 | K87: =K88+J87 | M87: 53100 | N87: 964800 | O87: =M87-N87 | P87: =P88+O87 | R87: 104630 | S87: 759100 | T87: =R87-S87 | U87: =U88+T87
A88: 2 | B88: 46163 | C88: 1262684 | D88: 7073200 | E88: =C88-D88 | F88: =F89+E88 | G88: 250134176 | H88: 18000 | I88: 780600 | J88: =H88-I88 | K88: =K89+J88 | L88: 6953767 | M88: 12343700 | N88: 1800100 | O88: =M88-N88 | P88: =P89+O88 | Q88: 436542361 | R88: 280550 | S88: 3294300 | T88: =R88-S88 | U88: =U89+T88 | V88: 8116645
A89: 3 | B89: 46162 | C89: 1123300 | D89: 7388614 | E89: =C89-D89 | F89: =F90+E89 | G89: 242770437 | H89: 309900 | I89: 280112 | J89: =H89-I89 | K89: =K90+J89 | L89: 6993855 | M89: 1359005 | N89: 4768750 | O89: =M89-N89 | P89: =P90+O89 | Q89: 434643314 | R89: 1028213 | S89: 4141300 | T89: =R89-S89 | U89: =U90+T89 | V89: 8120045
A90: 4 | B90: 46161 | C90: 716325 | D90: 7291657 | E90: =C90-D90 | F90: =F91+E90 | G90: 242545986 | H90: 55500 | I90: 184963 | J90: =H90-I90 | K90: =K91+J90 | L90: 6938991 | M90: 213905 | N90: 4448298 | O90: =M90-N90 | P90: =P91+O90 | Q90: 431348069 | R90: 450199 | S90: 1590091 | T90: =R90-S90 | U90: =U91+T90 | V90: 8120045
A91: 5 | B91: 46160 | C91: 150500 | D91: 7534939 | E91: =C91-D91 | F91: =F92+E91 | G91: 242545986 | H91: 219100 | I91: 17679 | J91: =H91-I91 | K91: =K92+J91 | L91: 6938991 | M91: 775100 | N91: 2698847 | O91: =M91-N91 | P91: =P92+O91 | Q91: 431348069 | R91: 1147430 | S91: 351300 | T91: =R91-S91 | U91: =U92+T91 | V91: 8120045
A92: 1 | B92: 46157 | C92: 6063700 | D92: 6394551 | E92: =C92-D92 | F92: =F93+E92 | H92: 37978 | I92: 92842 | J92: =H92-I92 | K92: =K93+J92 | M92: 1224700 | N92: 4626345 | O92: =M92-N92 | P92: =P93+O92 | R92: 2155050 | S92: 1026500 | T92: =R92-S92 | U92: =U93+T92
A93: 2 | B93: 46156 | C93: 10349935 | D93: 6750315 | E93: =C93-D93 | F93: =F94+E93 | G93: 231083486 | H93: 21800 | I93: 145400 | J93: =H93-I93 | K93: =K94+J93 | L93: 7025212 | M93: 3131100 | N93: 923200 | O93: =M93-N93 | P93: =P94+O93 | Q93: 429854769 | R93: 360894 | S93: 4050780 | T93: =R93-S93 | U93: =U94+T93 | V93: 5228800
A94: 3 | B94: 46155 | C94: 1684700 | D94: 13224500 | E94: =C94-D94 | F94: =F95+E94 | G94: 229137247 | H94: 26000 | I94: 22600 | J94: =H94-I94 | K94: =K95+J94 | L94: 7020312 | M94: 675500 | N94: 2255400 | O94: =M94-N94 | P94: =P95+O94 | Q94: 432212469 | R94: 836345 | S94: 1962384 | T94: =R94-S94 | U94: =U95+T94 | V94: 3188700
A95: 4 | B95: 46154 | C95: 115400 | D95: 5820259 | E95: =C95-D95 | F95: =F96+E95 | G95: 223420342 | H95: 48700 | I95: 13095 | J95: =H95-I95 | K95: =K96+J95 | L95: 7023712 | M95: 2122318 | N95: 421860 | O95: =M95-N95 | P95: =P96+O95 | Q95: 432212469 | R95: 511200 | S95: 2551300 | T95: =R95-S95 | U95: =U96+T95 | V95: 2941600
A96: 5 | B96: 46153 | C96: 658600 | D96: 6375505 | E96: =C96-D96 | F96: =F97+E96 | G96: 217378871 | H96: 311900 | I96: 288100 | J96: =H96-I96 | K96: =K97+J96 | L96: 7008099 | M96: 2260903 | N96: 1025500 | O96: =M96-N96 | P96: =P97+O96 | Q96: 433912927 | R96: 701000 | S96: 948100 | T96: =R96-S96 | U96: =U97+T96 | V96: 2547500
A97: 6 | B97: 46150 | C97: 1803650 | D97: 7845121 | E97: =C97-D97 | F97: =F98+E97 | G97: 204449429 | H97: 9900 | I97: 61118 | J97: =H97-I97 | K97: =K98+J97 | L97: 7031899 | M97: 2279600 | N97: 1246918 | O97: =M97-N97 | P97: =P98+O97 | Q97: 435148330 | R97: 1016300 | S97: 1410400 | T97: =R97-S97 | U97: =U98+T97 | V97: 1586400
A98: 7 | B98: 46149 | C98: 1900200 | D98: 14829642 | E98: =C98-D98 | F98: =F99+E98 | G98: 195087417 | H98: 238250 | I98: 177102 | J98: =H98-I98 | K98: =K99+J98 | L98: 7031899 | M98: 3439200 | N98: 2469140 | O98: =M98-N98 | P98: =P99+O98 | Q98: 433615317 | R98: 382700 | S98: 1343800 | T98: =R98-S98 | U98: =U99+T98 | V98: 1016300
A99: 8 | B99: 46148 | C99: 2863100 | D99: 12225112 | E99: =C99-D99 | F99: =F100+E99 | G99: 176282427 | H99: 39400 | I99: 8026 | J99: =H99-I99 | K99: =K100+J99 | L99: 6570747 | M99: 2763500 | N99: 5329195 | O99: =M99-N99 | P99: =P100+O99 | Q99: 434531727 | R99: 161500 | S99: 731600 | T99: =R99-S99 | U99: =U100+T99 | V99: 928400
A100: 9 | B100: 46147 | C100: 696910 | D100: 19501900 | E100: =C100-D100 | F100: =F101+E100 | G100: 161652832 | H100: 16800 | I100: 539100 | J100: =H100-I100 | K100: =K101+J100 | L100: 5772021 | M100: 2047900 | N100: 2101550 | O100: =M100-N100 | P100: =P101+O100 | Q100: 434341107 | R100: 12100 | S100: 100000 | T100: =R100-S100 | U100: =U101+T100 | V100: 161800
A101: 10 | B101: 46146 | C101: 1609700 | D101: 16239295 | E101: =C101-D101 | F101: =F102+E101 | G101: 156988190 | H101: 27500 | I101: 857600 | J101: =H101-I101 | K101: =K102+J101 | L101: 4478132 | M101: 354238 | N101: 544858 | O101: =M101-N101 | P101: =P102+O101 | Q101: 432608775 | R101: 2169900 | S101: 2936500 | T101: =R101-S101 | U101: =U102+T101 | V101: 15300
A102: 11 | B102: 46141 | C102: 4643800 | D102: 9308442 | E102: =C102-D102 | F102: =F103+E102 | G102: 154511290 | H102: 46800 | I102: 1340689 | J102: =H102-I102 | K102: =K103+J102 | L102: 3602932 | M102: 1025600 | N102: 2757932 | O102: =M102-N102 | P102: =P103+O102 | Q102: 430221624 | R102: 1140300 | S102: 1286800 | T102: =R102-S102 | U102: =U103+T102 | V102: 15300
A103: 12 | B103: 46140 | C103: 9425100 | D103: 11896500 | E103: =C103-D103 | F103: =F104+E103 | G103: 142633605 | H103: 10700 | I103: 885900 | J103: =H103-I103 | K103: =K104+J103 | L103: 3337692 | M103: 195557 | N103: 2582708 | O103: =M103-N103 | P103: =P104+O103 | Q103: 428827876 | R103: 223200 | S103: 215300 | T103: =R103-S103 | U103: =U104+T103 | V103: 15300
A104: 13 | B104: 46136 | C104: 1675618 | D104: 13553303 | E104: =C104-D104 | F104: =F105+E104 | G104: 135153505 | H104: 24300 | I104: 289540 | J104: =H104-I104 | K104: =K105+J104 | L104: 3123281 | M104: 328500 | N104: 1722248 | O104: =M104-N104 | P104: =P105+O104 | Q104: 426093176 | R104: 1065399 | S104: 56300 | T104: =R104-S104 | U104: =U105+T104 | V104: 23200
...

Sheet Sheet2
A4: Ngày | B4: ACB | C4: VIB | D4: VPB | E4: TCB | H4: ACB | I4: VIB | J4: VPB | K4: TCB
A5: 46276 | B5: -262721036 | C5: -53598471 | D5: -146857711 | E5: -121214897 | G5: Tháng 3 | H5: =IFERROR(SUMIFS(Sheet1!$E$10:$E$5000,Sheet1!$B$10:$B$5000,">="&DATE(YEAR(MAX(Sheet1!$B$10:$B$5000)),VALUE(SUBSTITUTE($G5,"Tháng ","")),1),Sheet1!$B$10:$B$5000,"<"&EDATE(DATE(YEAR(MAX(Sheet1!$B$10:$B$5000)),VALUE(SUBSTITUTE($G5,"Tháng ","")),1),1)),0) | I5: =IFERROR(SUMIFS(Sheet1!$J$10:$J$5000,Sheet1!$B$10:$B$5000,">="&DATE(YEAR(MAX(Sheet1!$B$10:$B$5000)),VALUE(SUBSTITUTE($G5,"Tháng ","")),1),Sheet1!$B$10:$B$5000,"<"&EDATE(DATE(YEAR(MAX(Sheet1!$B$10:$B$5000)),VALUE(SUBSTITUTE($G5,"Tháng ","")),1),1)),0) | J5: =IFERROR(SUMIFS(Sheet1!$O$10:$O$5000,Sheet1!$B$10:$B$5000,">="&DATE(YEAR(MAX(Sheet1!$B$10:$B$5000)),VALUE(SUBSTITUTE($G5,"Tháng ","")),1),Sheet1!$B$10:$B$5000,"<"&EDATE(DATE(YEAR(MAX(Sheet1!$B$10:$B$5000)),VALUE(SUBSTITUTE($G5,"Tháng ","")),1),1)),0) | K5: =IFERROR(SUMIFS(Sheet1!$T$10:$T$5000,Sheet1!$B$10:$B$5000,">="&DATE(YEAR(MAX(Sheet1!$B$10:$B$5000)),VALUE(SUBSTITUTE($G5,"Tháng ","")),1),Sheet1!$B$10:$B$5000,"<"&EDATE(DATE(YEAR(MAX(Sheet1!$B$10:$B$5000)),VALUE(SUBSTITUTE($G5,"Tháng ","")),1),1)),0)
A6: 46275 | B6: -261740523 | C6: -53386316 | D6: -142016896 | E6: -122272076 | G6: Tháng 4 | H6: =IFERROR(SUMIFS(Sheet1!$E$10:$E$5000,Sheet1!$B$10:$B$5000,">="&DATE(YEAR(MAX(Sheet1!$B$10:$B$5000)),VALUE(SUBSTITUTE($G6,"Tháng ","")),1),Sheet1!$B$10:$B$5000,"<"&EDATE(DATE(YEAR(MAX(Sheet1!$B$10:$B$5000)),VALUE(SUBSTITUTE($G6,"Tháng ","")),1),1)),0) | I6: =IFERROR(SUMIFS(Sheet1!$J$10:$J$5000,Sheet1!$B$10:$B$5000,">="&DATE(YEAR(MAX(Sheet1!$B$10:$B$5000)),VALUE(SUBSTITUTE($G6,"Tháng ","")),1),Sheet1!$B$10:$B$5000,"<"&EDATE(DATE(YEAR(MAX(Sheet1!$B$10:$B$5000)),VALUE(SUBSTITUTE($G6,"Tháng ","")),1),1)),0) | J6: =IFERROR(SUMIFS(Sheet1!$O$10:$O$5000,Sheet1!$B$10:$B$5000,">="&DATE(YEAR(MAX(Sheet1!$B$10:$B$5000)),VALUE(SUBSTITUTE($G6,"Tháng ","")),1),Sheet1!$B$10:$B$5000,"<"&EDATE(DATE(YEAR(MAX(Sheet1!$B$10:$B$5000)),VALUE(SUBSTITUTE($G6,"Tháng ","")),1),1)),0) | K6: =IFERROR(SUMIFS(Sheet1!$T$10:$T$5000,Sheet1!$B$10:$B$5000,">="&DATE(YEAR(MAX(Sheet1!$B$10:$B$5000)),VALUE(SUBSTITUTE($G6,"Tháng ","")),1),Sheet1!$B$10:$B$5000,"<"&EDATE(DATE(YEAR(MAX(Sheet1!$B$10:$B$5000)),VALUE(SUBSTITUTE($G6,"Tháng ","")),1),1)),0)
A7: 46274 | B7: -262288292 | C7: -53299281 | D7: -143055092 | E7: -123221976 | G7: Tháng 5 | H7: =IFERROR(SUMIFS(Sheet1!$E$10:$E$5000,Sheet1!$B$10:$B$5000,">="&DATE(YEAR(MAX(Sheet1!$B$10:$B$5000)),VALUE(SUBSTITUTE($G7,"Tháng ","")),1),Sheet1!$B$10:$B$5000,"<"&EDATE(DATE(YEAR(MAX(Sheet1!$B$10:$B$5000)),VALUE(SUBSTITUTE($G7,"Tháng ","")),1),1)),0) | I7: =IFERROR(SUMIFS(Sheet1!$J$10:$J$5000,Sheet1!$B$10:$B$5000,">="&DATE(YEAR(MAX(Sheet1!$B$10:$B$5000)),VALUE(SUBSTITUTE($G7,"Tháng ","")),1),Sheet1!$B$10:$B$5000,"<"&EDATE(DATE(YEAR(MAX(Sheet1!$B$10:$B$5000)),VALUE(SUBSTITUTE($G7,"Tháng ","")),1),1)),0) | J7: =IFERROR(SUMIFS(Sheet1!$O$10:$O$5000,Sheet1!$B$10:$B$5000,">="&DATE(YEAR(MAX(Sheet1!$B$10:$B$5000)),VALUE(SUBSTITUTE($G7,"Tháng ","")),1),Sheet1!$B$10:$B$5000,"<"&EDATE(DATE(YEAR(MAX(Sheet1!$B$10:$B$5000)),VALUE(SUBSTITUTE($G7,"Tháng ","")),1),1)),0) | K7: =IFERROR(SUMIFS(Sheet1!$T$10:$T$5000,Sheet1!$B$10:$B$5000,">="&DATE(YEAR(MAX(Sheet1!$B$10:$B$5000)),VALUE(SUBSTITUTE($G7,"Tháng ","")),1),Sheet1!$B$10:$B$5000,"<"&EDATE(DATE(YEAR(MAX(Sheet1!$B$10:$B$5000)),VALUE(SUBSTITUTE($G7,"Tháng ","")),1),1)),0)
A8: 46273 | B8: -261580192 | C8: -55249581 | D8: -141227292 | E8: -126529244 | G8: Tháng 6 | H8: =IFERROR(SUMIFS(Sheet1!$E$10:$E$5000,Sheet1!$B$10:$B$5000,">="&DATE(YEAR(MAX(Sheet1!$B$10:$B$5000)),VALUE(SUBSTITUTE($G8,"Tháng ","")),1),Sheet1!$B$10:$B$5000,"<"&EDATE(DATE(YEAR(MAX(Sheet1!$B$10:$B$5000)),VALUE(SUBSTITUTE($G8,"Tháng ","")),1),1)),0) | I8: =IFERROR(SUMIFS(Sheet1!$J$10:$J$5000,Sheet1!$B$10:$B$5000,">="&DATE(YEAR(MAX(Sheet1!$B$10:$B$5000)),VALUE(SUBSTITUTE($G8,"Tháng ","")),1),Sheet1!$B$10:$B$5000,"<"&EDATE(DATE(YEAR(MAX(Sheet1!$B$10:$B$5000)),VALUE(SUBSTITUTE($G8,"Tháng ","")),1),1)),0) | J8: =IFERROR(SUMIFS(Sheet1!$O$10:$O$5000,Sheet1!$B$10:$B$5000,">="&DATE(YEAR(MAX(Sheet1!$B$10:$B$5000)),VALUE(SUBSTITUTE($G8,"Tháng ","")),1),Sheet1!$B$10:$B$5000,"<"&EDATE(DATE(YEAR(MAX(Sheet1!$B$10:$B$5000)),VALUE(SUBSTITUTE($G8,"Tháng ","")),1),1)),0) | K8: =IFERROR(SUMIFS(Sheet1!$T$10:$T$5000,Sheet1!$B$10:$B$5000,">="&DATE(YEAR(MAX(Sheet1!$B$10:$B$5000)),VALUE(SUBSTITUTE($G8,"Tháng ","")),1),Sheet1!$B$10:$B$5000,"<"&EDATE(DATE(YEAR(MAX(Sheet1!$B$10:$B$5000)),VALUE(SUBSTITUTE($G8,"Tháng ","")),1),1)),0)
A9: 46272 | B9: -261927904 | C9: -58071513 | D9: -138393645 | E9: -126375411 | G9: Tháng 7 | H9: =IFERROR(SUMIFS(Sheet1!$E$10:$E$5000,Sheet1!$B$10:$B$5000,">="&DATE(YEAR(MAX(Sheet1!$B$10:$B$5000)),VALUE(SUBSTITUTE($G9,"Tháng ","")),1),Sheet1!$B$10:$B$5000,"<"&EDATE(DATE(YEAR(MAX(Sheet1!$B$10:$B$5000)),VALUE(SUBSTITUTE($G9,"Tháng ","")),1),1)),0) | I9: =IFERROR(SUMIFS(Sheet1!$J$10:$J$5000,Sheet1!$B$10:$B$5000,">="&DATE(YEAR(MAX(Sheet1!$B$10:$B$5000)),VALUE(SUBSTITUTE($G9,"Tháng ","")),1),Sheet1!$B$10:$B$5000,"<"&EDATE(DATE(YEAR(MAX(Sheet1!$B$10:$B$5000)),VALUE(SUBSTITUTE($G9,"Tháng ","")),1),1)),0) | J9: =IFERROR(SUMIFS(Sheet1!$O$10:$O$5000,Sheet1!$B$10:$B$5000,">="&DATE(YEAR(MAX(Sheet1!$B$10:$B$5000)),VALUE(SUBSTITUTE($G9,"Tháng ","")),1),Sheet1!$B$10:$B$5000,"<"&EDATE(DATE(YEAR(MAX(Sheet1!$B$10:$B$5000)),VALUE(SUBSTITUTE($G9,"Tháng ","")),1),1)),0) | K9: =IFERROR(SUMIFS(Sheet1!$T$10:$T$5000,Sheet1!$B$10:$B$5000,">="&DATE(YEAR(MAX(Sheet1!$B$10:$B$5000)),VALUE(SUBSTITUTE($G9,"Tháng ","")),1),Sheet1!$B$10:$B$5000,"<"&EDATE(DATE(YEAR(MAX(Sheet1!$B$10:$B$5000)),VALUE(SUBSTITUTE($G9,"Tháng ","")),1),1)),0)
A10: 46269 | B10: -261836464 | C10: -57584513 | D10: -139632825 | E10: -125877341 | G10: Tháng 8 | H10: =IFERROR(SUMIFS(Sheet1!$E$10:$E$5000,Sheet1!$B$10:$B$5000,">="&DATE(YEAR(MAX(Sheet1!$B$10:$B$5000)),VALUE(SUBSTITUTE($G10,"Tháng ","")),1),Sheet1!$B$10:$B$5000,"<"&EDATE(DATE(YEAR(MAX(Sheet1!$B$10:$B$5000)),VALUE(SUBSTITUTE($G10,"Tháng ","")),1),1)),0) | I10: =IFERROR(SUMIFS(Sheet1!$J$10:$J$5000,Sheet1!$B$10:$B$5000,">="&DATE(YEAR(MAX(Sheet1!$B$10:$B$5000)),VALUE(SUBSTITUTE($G10,"Tháng ","")),1),Sheet1!$B$10:$B$5000,"<"&EDATE(DATE(YEAR(MAX(Sheet1!$B$10:$B$5000)),VALUE(SUBSTITUTE($G10,"Tháng ","")),1),1)),0) | J10: =IFERROR(SUMIFS(Sheet1!$O$10:$O$5000,Sheet1!$B$10:$B$5000,">="&DATE(YEAR(MAX(Sheet1!$B$10:$B$5000)),VALUE(SUBSTITUTE($G10,"Tháng ","")),1),Sheet1!$B$10:$B$5000,"<"&EDATE(DATE(YEAR(MAX(Sheet1!$B$10:$B$5000)),VALUE(SUBSTITUTE($G10,"Tháng ","")),1),1)),0) | K10: =IFERROR(SUMIFS(Sheet1!$T$10:$T$5000,Sheet1!$B$10:$B$5000,">="&DATE(YEAR(MAX(Sheet1!$B$10:$B$5000)),VALUE(SUBSTITUTE($G10,"Tháng ","")),1),Sheet1!$B$10:$B$5000,"<"&EDATE(DATE(YEAR(MAX(Sheet1!$B$10:$B$5000)),VALUE(SUBSTITUTE($G10,"Tháng ","")),1),1)),0)
A11: 46268 | B11: -259424996 | C11: -59560513 | D11: -143162925 | E11: -126178341 | G11: Tháng 9 | H11: =IFERROR(SUMIFS(Sheet1!$E$10:$E$5000,Sheet1!$B$10:$B$5000,">="&DATE(YEAR(MAX(Sheet1!$B$10:$B$5000)),VALUE(SUBSTITUTE($G11,"Tháng ","")),1),Sheet1!$B$10:$B$5000,"<"&EDATE(DATE(YEAR(MAX(Sheet1!$B$10:$B$5000)),VALUE(SUBSTITUTE($G11,"Tháng ","")),1),1)),0) | I11: =IFERROR(SUMIFS(Sheet1!$J$10:$J$5000,Sheet1!$B$10:$B$5000,">="&DATE(YEAR(MAX(Sheet1!$B$10:$B$5000)),VALUE(SUBSTITUTE($G11,"Tháng ","")),1),Sheet1!$B$10:$B$5000,"<"&EDATE(DATE(YEAR(MAX(Sheet1!$B$10:$B$5000)),VALUE(SUBSTITUTE($G11,"Tháng ","")),1),1)),0) | J11: =IFERROR(SUMIFS(Sheet1!$O$10:$O$5000,Sheet1!$B$10:$B$5000,">="&DATE(YEAR(MAX(Sheet1!$B$10:$B$5000)),VALUE(SUBSTITUTE($G11,"Tháng ","")),1),Sheet1!$B$10:$B$5000,"<"&EDATE(DATE(YEAR(MAX(Sheet1!$B$10:$B$5000)),VALUE(SUBSTITUTE($G11,"Tháng ","")),1),1)),0) | K11: =IFERROR(SUMIFS(Sheet1!$T$10:$T$5000,Sheet1!$B$10:$B$5000,">="&DATE(YEAR(MAX(Sheet1!$B$10:$B$5000)),VALUE(SUBSTITUTE($G11,"Tháng ","")),1),Sheet1!$B$10:$B$5000,"<"&EDATE(DATE(YEAR(MAX(Sheet1!$B$10:$B$5000)),VALUE(SUBSTITUTE($G11,"Tháng ","")),1),1)),0)
A12: 46262 | B12: -255746144 | C12: -59442513 | D12: -136805703 | E12: -121418011 | G12: Từ đầu năm | H12: =IFERROR(SUMIFS(Sheet1!$E$10:$E$5000,Sheet1!$B$10:$B$5000,">="&DATE(YEAR(MAX(Sheet1!$B$10:$B$5000)),1,1),Sheet1!$B$10:$B$5000,"<="&MAX(Sheet1!$B$10:$B$5000)),0) | I12: =IFERROR(SUMIFS(Sheet1!$J$10:$J$5000,Sheet1!$B$10:$B$5000,">="&DATE(YEAR(MAX(Sheet1!$B$10:$B$5000)),1,1),Sheet1!$B$10:$B$5000,"<="&MAX(Sheet1!$B$10:$B$5000)),0) | J12: =IFERROR(SUMIFS(Sheet1!$O$10:$O$5000,Sheet1!$B$10:$B$5000,">="&DATE(YEAR(MAX(Sheet1!$B$10:$B$5000)),1,1),Sheet1!$B$10:$B$5000,"<="&MAX(Sheet1!$B$10:$B$5000)),0) | K12: =IFERROR(SUMIFS(Sheet1!$T$10:$T$5000,Sheet1!$B$10:$B$5000,">="&DATE(YEAR(MAX(Sheet1!$B$10:$B$5000)),1,1),Sheet1!$B$10:$B$5000,"<="&MAX(Sheet1!$B$10:$B$5000)),0)
A13: 46261 | B13: -256495518 | C13: -59056713 | D13: -140876157 | E13: -127803903
A14: 46260 | B14: -256761848 | C14: -58117213 | D14: -144632957 | E14: -140834302
A15: 46259 | B15: -253266947 | C15: -58748908 | D15: -144267366 | E15: -144838602
A16: 46258 | B16: -251637499 | C16: -58774204 | D16: -144572665 | E16: -141691242
A17: 46255 | B17: -251648160 | C17: -58587404 | D17: -147122948 | E17: -142441470
A18: 46254 | B18: -252253270 | C18: -59104304 | D18: -144995548 | E18: -142435545
A19: 46253 | B19: -250925594 | C19: -59093391 | D19: -141502699 | E19: -142710899
A20: 46252 | B20: -248490772 | C20: -58845113 | D20: -137528720 | E20: -143183271
A21: 46251 | B21: -247412377 | C21: -58401713 | D21: -132791020 | E21: -143487171
A22: 46248 | B22: -243042795 | C22: -58617113 | D22: -131973120 | E22: -145360756
A23: 46247 | B23: -241493624 | C23: -58274312 | D23: -130360620 | E23: -148204387
A24: 46246 | B24: -237363355 | C24: -58444912 | D24: -129105741 | E24: -142850551
... A172: 46028 | B172: -1857800 | C172: 9506 | D172: 5853957 | E172: -2868820
A173: 46027
